{
    "FPR": 5.41002277904328,
    "PPV": 87.98988621997472,
    "FNR": 53.288590604026844,
    "NPV": 67.65784114052953,
    "TPR": 46.711409395973156,
    "TNR": 94.58997722095673,
    "ACC": 72.6124460874923,
    "cm": [
        [
            3322,
            190
        ],
        [
            1588,
            1392
        ]
    ]
}