{
    "FPR": 7.7733485193621865,
    "PPV": 88.50526315789473,
    "FNR": 31.37446947437153,
    "NPV": 77.11904761904762,
    "TPR": 68.62553052562846,
    "TNR": 92.22665148063781,
    "ACC": 81.2319391634981,
    "cm": [
        [
            3239,
            273
        ],
        [
            961,
            2102
        ]
    ]
}