{
    "FPR": 8.97897897897898,
    "PPV": 90.18706924844109,
    "FNR": 10.284035259549462,
    "NPV": 90.5857740585774,
    "TPR": 89.71596474045054,
    "TNR": 91.02102102102103,
    "ACC": 90.39574534647271,
    "cm": [
        [
            3031,
            299
        ],
        [
            315,
            2748
        ]
    ]
}