{
    "FPR": 6.696696696696697,
    "PPV": 91.14376489277204,
    "FNR": 22.986577181208055,
    "NPV": 81.93565400843882,
    "TPR": 77.01342281879195,
    "TNR": 93.30330330330331,
    "ACC": 85.61014263074485,
    "cm": [
        [
            3107,
            223
        ],
        [
            685,
            2295
        ]
    ]
}