{
    "FPR": 7.027027027027027,
    "PPV": 90.78014184397163,
    "FNR": 22.684563758389263,
    "NPV": 82.07847295864264,
    "TPR": 77.31543624161074,
    "TNR": 92.97297297297297,
    "ACC": 85.57844690966719,
    "cm": [
        [
            3096,
            234
        ],
        [
            676,
            2304
        ]
    ]
}