{
    "FPR": 10.21021021021021,
    "PPV": 89.33835058011915,
    "FNR": 6.986614430297094,
    "NPV": 93.32084893882647,
    "TPR": 93.0133855697029,
    "TNR": 89.7897897897898,
    "ACC": 91.33427185984671,
    "cm": [
        [
            2990,
            340
        ],
        [
            214,
            2849
        ]
    ]
}