{
    "FPR": 7.289293849658314,
    "PPV": 86.48363252375924,
    "FNR": 45.033557046979865,
    "NPV": 70.8133971291866,
    "TPR": 54.966442953020135,
    "TNR": 92.71070615034168,
    "ACC": 75.38508934072705,
    "cm": [
        [
            3256,
            256
        ],
        [
            1342,
            1638
        ]
    ]
}