{
    "FPR": 7.807807807807808,
    "PPV": 90.71760085683684,
    "FNR": 14.731543624161073,
    "NPV": 87.48931319464235,
    "TPR": 85.26845637583892,
    "TNR": 92.1921921921922,
    "ACC": 88.92234548335975,
    "cm": [
        [
            3070,
            260
        ],
        [
            439,
            2541
        ]
    ]
}