{
    "FPR": 12.300683371298405,
    "PPV": 83.19719953325554,
    "FNR": 28.221476510067113,
    "NPV": 78.55138995154297,
    "TPR": 71.77852348993288,
    "TNR": 87.6993166287016,
    "ACC": 80.39125077017869,
    "cm": [
        [
            3080,
            432
        ],
        [
            841,
            2139
        ]
    ]
}