{
    "FPR": 7.087087087087087,
    "PPV": 90.67562228368234,
    "FNR": 22.986577181208055,
    "NPV": 81.87351151098174,
    "TPR": 77.01342281879195,
    "TNR": 92.91291291291292,
    "ACC": 85.4041204437401,
    "cm": [
        [
            3094,
            236
        ],
        [
            685,
            2295
        ]
    ]
}