{
    "FPR": 12.300683371298405,
    "PPV": 85.07256392536281,
    "FNR": 19.621286320600717,
    "NPV": 83.67291496875849,
    "TPR": 80.37871367939928,
    "TNR": 87.6993166287016,
    "ACC": 84.28897338403041,
    "cm": [
        [
            3080,
            432
        ],
        [
            601,
            2462
        ]
    ]
}