{
    "FPR": 5.885885885885886,
    "PPV": 92.73805113004816,
    "FNR": 18.282729350310152,
    "NPV": 84.84028153762858,
    "TPR": 81.71727064968985,
    "TNR": 94.11411411411412,
    "ACC": 88.17456593148756,
    "cm": [
        [
            3134,
            196
        ],
        [
            560,
            2503
        ]
    ]
}