{
    "FPR": 9.65261958997722,
    "PPV": 87.2795497185741,
    "FNR": 24.06137773424747,
    "NPV": 81.15089514066496,
    "TPR": 75.93862226575253,
    "TNR": 90.34738041002278,
    "ACC": 83.63498098859316,
    "cm": [
        [
            3173,
            339
        ],
        [
            737,
            2326
        ]
    ]
}