{
    "FPR": 5.435435435435435,
    "PPV": 92.94896766653682,
    "FNR": 22.102513875285666,
    "NPV": 82.30527966544695,
    "TPR": 77.89748612471433,
    "TNR": 94.56456456456456,
    "ACC": 86.57907085875176,
    "cm": [
        [
            3149,
            181
        ],
        [
            677,
            2386
        ]
    ]
}