{
    "FPR": 7.232346241457859,
    "PPV": 86.73629242819844,
    "FNR": 44.261744966442954,
    "NPV": 71.18199694122788,
    "TPR": 55.738255033557046,
    "TNR": 92.76765375854214,
    "ACC": 75.7701786814541,
    "cm": [
        [
            3258,
            254
        ],
        [
            1319,
            1661
        ]
    ]
}