{
    "FPR": 6.577448747152619,
    "PPV": 87.40458015267176,
    "FNR": 46.20805369127517,
    "NPV": 70.43795620437956,
    "TPR": 53.79194630872483,
    "TNR": 93.42255125284738,
    "ACC": 75.23105360443623,
    "cm": [
        [
            3281,
            231
        ],
        [
            1377,
            1603
        ]
    ]
}