{
    "FPR": 9.083143507972665,
    "PPV": 87.64523625096824,
    "FNR": 26.11818478615736,
    "NPV": 79.96493864262459,
    "TPR": 73.88181521384264,
    "TNR": 90.91685649202734,
    "ACC": 82.9809885931559,
    "cm": [
        [
            3193,
            319
        ],
        [
            800,
            2263
        ]
    ]
}