{
    "FPR": 13.809794988610479,
    "PPV": 84.65675419171149,
    "FNR": 12.634671890303624,
    "NPV": 88.66432337434095,
    "TPR": 87.36532810969638,
    "TNR": 86.19020501138952,
    "ACC": 86.73764258555133,
    "cm": [
        [
            3027,
            485
        ],
        [
            387,
            2676
        ]
    ]
}