{
    "FPR": 6.216216216216216,
    "PPV": 92.33333333333333,
    "FNR": 18.609206660137122,
    "NPV": 84.56539398862714,
    "TPR": 81.39079333986288,
    "TNR": 93.78378378378379,
    "ACC": 87.84608165180666,
    "cm": [
        [
            3123,
            207
        ],
        [
            570,
            2493
        ]
    ]
}