{
    "FPR": 5.7057057057057055,
    "PPV": 91.68126094570928,
    "FNR": 29.731543624161073,
    "NPV": 77.99304520615996,
    "TPR": 70.26845637583892,
    "TNR": 94.29429429429429,
    "ACC": 82.94770206022187,
    "cm": [
        [
            3140,
            190
        ],
        [
            886,
            2094
        ]
    ]
}